pers_name,event_after-date,event_before-date,event_start,event_end,display_date,event_type,pers_function,inst_name,place_name,place_count,country,# Full Address,Latitude,Longitude,comment,source,e_count,s_count
Marquard Schenk von Castell,#,#,28.07.1637,#,1637,Amtsantritt,Bischof,Bistum Eichstätt,Eichstätt,3,Germany,Bistum Eichstätt Eichstätt Germany,48.8910779,11.185239,#,Braun: Das Domkapitel Eichstätt: S. 441,2,#
Lothar Friedrich von Metternich-Burscheid,#,#,12.02.1673,#,1673,Amtsantritt,Erzbischof,Erzbistum Mainz,Mainz,14,Germany,Kurfürstliches Schloss Mainz Germany,50.0069542,8.2698184,#,Christ: Metternich-Burscheidt: S. 20f.,2,#
Heinrich Wilhelm Harff von Dreyborn,#,1770,#,1780,1770,Amtsausübung,Vicedominus,#,Bingen,1,Germany,Bingen Germany,49.9667396,7.904596,ab 1780 im Staatskalender n. mehr aufgeführt.,Kurmainzer Hof- und Staatskalender 1780: S. 3.,12,#
Hugo Franz Karl von Eltz (-Kempenich),#,#,#,#,#,Amtsausübung,Spiritual,,Eichsfeld,1,Germany,Eichsfeld Germany,51.3770314,10.1439183,#,Klassert: Kollegialstift St. Peter: S. 54.,12,#
Hugo Franz Karl von Eltz (-Kempenich),#,#,#,#,#,Amtsausübung,Probst,Kollegiatstift ULF,Erfurt,5,Germany,Erfurt Germany,50.9847679,11.0298799,#,Orts- und Personenregister: S. 404 / Kurmainzer Hof- und Staatskalender 1779: S. 3.,12,#
Hugo Franz Karl von Eltz (-Kempenich),#,#,#,#,#,Amtsausübung,Probst,Kollegiatstift ULF,Erfurt,5,Germany,Erfurt Germany,50.9847679,11.0298799,#,Schrader: Cathedral Chapter Minden: S. 109 / Kurmainzer Hof- und Staatskalender 1779: S. 3,12,#
Hugo Franz Karl von Eltz (-Kempenich),#,#,1732,#,#,Amtsausübung,Statthalter des Eichsfelds,Erzstift Mainz,Heiligenstadt,1,Germany,Heiligenstadt Germany,51.3770297,10.1439107,#,Nottarp: Mindener Domprobst: S. 121: 132 / Kurmainzer Hof- und Staatskalender 1740 / Kurmainzer Hof- und Staatskalender 1779: S. 3,12,#
Hugo Franz Karl von Eltz (-Kempenich),#,#,#,#,#,Amtsausübung,Geheimer Rat,Erzstift Mainz,Mainz,14,,Kurfürstliches Schloss Mainz Germany,50.0069542,8.2698184,#,Kurmainzer Hof- und Staatskalender 1740 / Kurzmainzer Hof- und Staatskalender 1779: S. 3.,12,#
Hugo Franz Karl von Eltz (-Kempenich),#,#,#,#,#,Amtsausübung,Leitender Minister,Erzstift Mainz,Mainz,14,Germany,Kurfürstliches Schloss Mainz Germany,50.0069542,8.2698184,#,Nottarp: Mindener Domprobst: S. 121,12,#
Hugo Wolfgang von Kesselstatt,#,#,1720,18.12.1720,1720,Amtsausübung,Kämmerer des weltlichen Gerichts,Stadt Mainz,Mainz,3,Germany,Rathaus Mainz Germany,50.0003654,8.2769462,#,Schrohe: Stadt Mainz: S. 65,12,#
Karl Emmerich Franz von Breidbach-Bürresheim,1740,,#,#,1740,Amtsausübung,Geheimer Rat,Stadt Mainz,Mainz,3,Germany,Rathaus Mainz Germany,50.0003654,8.2769462,Amtsausübung mindestens seit 1740 (Staatskalender),Kurzmainzer Hof- und Staatskalender 1740: S. 2.,12,#
Karl Emmerich Franz von Breidbach-Bürresheim,#,#,1720,1743,1720,Amtsausübung,Kämmerer des weltlichen Gerichts der Stadt,Stadt Mainz,Malnz,3,Germany,Rathaus Mainz Germany,50.0003654,8.2769462,#,Verzeichnis der Mainzer Universitätsmatrikeln: S. 108 / Schrohe: Stadt Mainz: S. 65 / Kurzmainzer Hof- und Staatskalender Mainz 1743.,12,#
Hugo Franz Karl von Eltz (-Kempenich),#,#,#,#,#,Amtsausübung,Kommendatarabt,Stift Pecswarad,Fünfkirchen in Niederungarn,1,Hungary,Stift Pecswarad Fünfkirchen in Niederungarn Hungary,46.0727345,18.232266,#,Nottarp: Mindener Domprobst: S. 121 / Schrader: Cathedral Chapter Minden: S. 109 / Staatskalender Mainzer 1740 / Staatskalender Mainz 1779 / Orts- und Personenverzeichnis Westfällische Zeitschrift: S. 404,12,#
Johann Heppenheim genannt von Saal,1654,#,#,#,#,Amtsausübung,Kanzler,Universität Heidelberg,Heidelberg,2,Germany,Universität Heidelberg Germany,49.3987524,8.6724335,Genaues Datum nicht überliefert: dieses Amt fiel ihm als Wormser Domprobst zu,Wikipedia: Johann von Heppenheim genannt vom Saal,12,#
Christoph Rudolf von Stadion,#,#,1678,#,1678,Amtsniederlegung,Generalvikar,Erzbistum Mainz,Mainz,66,Germany,Dom Mainz Germany,49.9990056297492,8.273938609815461,#,Wurzbach: Stadion: S. 26,2,#
Johann Philipp Franz Graf von Schönborn,#,#,1721,#,1721,Amtsniederlegung,Rektor,Julius-Maximilians Universität,Würzburg,2,Germany,Julius-Maximilians Universität Würzburg Germany,49.7881814,9.93526,#,Würzburg Wiki: Schönborn,2,#
Dietrich Kaspar von Fürstenberg,#,#,1654,#,1654,Arbeit,Künstler. Alchemist,#,Mainz,12,Germany,Mainz Germany,49.9928617,8.2472526,#,Lahrkamp et al.: Geschichte: S. 99 - 102,1,#
Dietrich Kaspar von Fürstenberg,#,#,1650,1654,1650,Asyl im Deutschordenhaus,#,Deutschordenshaus Mechelen,Mechelen,1,Belgium,Mechelen Belgium,51.0259143,4.4775553,#,Lahrkamp et al.: Geschichte: S. 99,1,#
Dietrich Kaspar von Fürstenberg,#,#,15.10.1640,#,1640,Aufbruch nach Rom,#,#,Köln,5,Germany,Köln Germany,50.937531,6.9602786,#,Lahrkamp et al.: Geschichte: S. 97,1,#
Dietrich Kaspar von Fürstenberg,#,#,#,1650,#,Aufenthalt,auf Reisen,#,Brüssel,2,Belgium,Brüssel Belgium,50.8476424,4.3571696,#,Lahrkamp et al.: Geschichte: S. 99,3,#
Dietrich Kaspar von Fürstenberg,#,#,00.12.1641,00.10.1643,1641,Aufenthalt,#,#,Florenz,1,Italy,Florenz Italy,43.7695604,11.2558136,#,Lahrkamp et al.: Geschichte: S. 97,3,#
Dietrich Kaspar von Fürstenberg,#,#,00.01.1641,00.12.1641,1641,Aufenthalt,#,#,Rom,2,Italy,Rom Italy,41.9027835,12.4963655,#,Lahrkamp et al.: Geschichte: S. 97,3,#
Marquard Schenk von Castell,#,18.01.1685,#,#,1685,Aufenthalt wegen Krankheit,#,#,Kartause Prül vor den Toren von Regensburg,1,Germany,Kartause Prül vor den Toren von Regensburg Germany,49.0134297,12.1016236,"genaues Datum nicht bekannt: Fomulierung in der Literatur als ""in seinen letzten Lebensjahren""",Reiter: Marquard II.: S. 239-240,1,#
Marquard Schenk von Castell,#,#,1627,#,1627,Aufenthalt wegen schwankender Gesundheit,#,#,Siena,1,Italy,Siena Italy,43.318809,11.3307574,erwähnenswert?,Reiter: Marquard II.: S. 239-240,1,#
Damian Friedrich von der Leyen-Hohengeroldseck,#,#,1754,#,1754,Aufschwörung,Domherr,Domkapitel Bamberg,Bamberg,4,Germany,Dom Bamberg Germany,49.8907746,10.882515,#,Hersche: Einleitung: S. 249,57,2
Johann Philipp Franz Graf von Schönborn,#,#,1694,#,1694,Aufschwörung,Domherr,Domkapitel Bamberg,Bamberg,4,Germany,Dom Bamberg Germany,49.8907746,10.882515,#,Germania Sacra online: Johann Philipp Franz Graf von Schönborn,57,2
Heinrich Ferdinand von der Leyen,#,#,02.06.1656,#,1656,Aufschwörung,Domherr,Domkapitel Eichstätt,Eichstätt,9,Germany,Dom Eichstätt Germany,48.8919581,11.1835667,#,Hersche: Einleitung: S. 90,57,2
Marquard Schenk von Castell,#,#,28.05.1621,#,1621,Aufschwörung,Domherr,Domkapitel Eichstätt,Eichstätt,9,Germany,Dom Eichstätt Germany,48.8919581,11.1835667,#,Reiter: Marquard II.: S. 239-240 / Braun: Domkapitel Eichstätt: S. 440,57,2
Hugo Wolfgang von Kesselstatt,#,#,1690,#,1690,Aufschwörung,Domherr,Domkapitel Halberstadt,Halberstadt,1,Germany,Dom Halberstadt Germany,51.8916475,11.0488695,#,De Theux de Montjardin: Chapitré Saint-Lambért: Bd. 3.: S. 345,57,1
Heinrich Wilhelm Harff von Dreyborn,#,#,18.04.1741,#,1741,Aufschwörung,Domherr,Domkapitel Hildesheim,Hildesheim,2,Germany,Dom Hildesheim Germany,52.1490222,9.9471512,#,Dylong: Domkapitel Hildesheim: S. 372.,57,1
Hugo Wolfgang von Kesselstatt,#,#,1681,#,1681,Aufschwörung,Domherr,Domkapitel Lüttich,Lüttich,2,Belgium,Dom Lüttich Belgium,50.6329586,5.5697498,#,Hersche: Einleitung: S. 121 / Theux: Bd. 3: S. 345,57,1
Adolph Hund von Saulheim,#,#,1610,#,1610,Aufschwörung,Domherr,Domkapitel Mainz,Mainz,66,Germany,Dom Mainz Germany,49.9990056297492,8.273938609815461,#,Wendehorst: Bistümer der Kirchenprovinz Mainz: S. 225,57,14
Christoph Rudolf von Stadion,#,#,24.09.1657,#,1657,Aufschwörung,Domherr,Domkapitel Mainz,Mainz,66,Germany,Dom Mainz Germany,49.9990056297492,8.273938609815461,#,Rauch: Domkapitel Mainz: S. 168 / Wikipedia: Christoph,57,14
Damian Friedrich von der Leyen-Hohengeroldseck,#,#,10.01.1755,#,1755,Aufschwörung,Domherr,Domkapitel Mainz,Mainz,66,Germany,Dom Mainz Germany,49.9990056297492,8.273938609815461,#,Rauch: Domkapitel Mainz: S.177 / Hersche: Einleitung: S. 249 / Jürgensmeier: Bischofslexikon: S. 271,57,14
Dietrich Kaspar von Fürstenberg,#,#,17.09.1624,#,1624,Aufschwörung,Domherr,Domkapitel Mainz,Mainz,66,Germany,Dom Mainz Germany,49.9990056297492,8.273938609815461,#,Lahrkamp et al.: Geschichte: S. 96,57,14
Heinrich Ferdinand von der Leyen,#,#,02.12.1664,#,1664,Aufschwörung,Domherr,Domkapitel Mainz,Mainz,66,Germany,Dom Mainz Germany,49.9990056297492,8.273938609815461,#,Rauch: Mainzer: S. 175 / Braun: Domkapitel: S. 350,57,14
Heinrich Wilhelm Harff von Dreyborn,#,#,25.05.1735,#,1735,Aufschwörung,Domherr,Domkapitel Mainz,Mainz,66,Germany,Dom Mainz Germany,49.9990056297492,8.273938609815461,#,Rauch: Domkapitel Mainz: S. 177,57,14
Hugo Franz Karl von Eltz (-Kempenich),#,#,17.10.1712,#,1712,Aufschwörung,Domherr,Domkapitel Mainz,Mainz,66,Germany,Dom Mainz Germany,49.9990056297492,8.273938609815461,#,Rauch: Domkapitel Mainz: S. 140 / Hersche: Einleitung: S. 130,57,14
Hugo Wolfgang von Kesselstatt,#,#,1687,#,1687,Aufschwörung,Domherr,Domkapitel Mainz,Mainz,66,Germany,Dom Mainz Germany,49.9990056297492,8.273938609815461,#,Hersche: Einleitung: S. 130,57,14
Johann Heppenheim genannt von Saal,#,#,1636,#,1636,Aufschwörung,Domherr,Domkapitel Mainz,Mainz,66,Germany,Dom Mainz Germany,49.9990056297492,8.273938609815461,#,Rauch: Domkapitel Mainz: S. 174: Hersche: Deutsche Domkapitel: S. 128,57,14
Johann Philipp Franz Graf von Schönborn,#,#,1687,#,1687,Aufschwörung,Domherr,Domkapitel Mainz,Mainz,66,Germany,Dom Mainz Germany,49.9990056297492,8.273938609815461,#,"Germania Sacra online: ""Johann Philipp Franz Graf von Schönborn""",57,14
Johann Wilhelm Wolff-Metternich zur Gracht,#,#,30.09.1630,#,1630,Aufschwörung,Domherr,Domkapitel Mainz,Mainz,66,Germany,Dom Mainz Germany,49.9990056297492,8.273938609815461,"Hersche: Deutsche Domkapitel: S. 128 hat 1631 als Datum für die Aufschwörung. Siehe Spalte ""source"" für die Begründung: warum diese Datum ausgewählt wurde","Rauch: Domkapitel Mainz: S. 154 / aus der Antwortmail auf eine Frage zu diesem Datum: ""im Findbuch zum Aktenbestand des Archivs Schloss Gracht findet sich bei Akte 505 der enthält-Vermerk: „zum Kanonikat Johann Wilhelm Wolff Metternichs am Dom zu Mainz 1630-1643“. Dies spricht also dafür: dass er bereits 1630 zum Domkapitel aufgeschwört wurde.""",57,14
Karl Emmerich Franz von Breidbach-Bürresheim,#,#,27.01.1710,#,1710,Aufschwörung,Domherr,Domkapitel Mainz,Mainz,66,Germany,Dom Mainz Germany,49.9990056297492,8.273938609815461,#,Hersche: Einleitung: S. 130,57,14
Lothar Friedrich von Metternich-Burscheid,#,#,1639,#,1639,Aufschwörung,Domherr,Domkapitel Mainz,Mainz,66,Germany,Dom Mainz Germany,49.9990056297492,8.273938609815461,#,Hersche: Einleitung: S. 129 / Christ: Metternich-Burscheidt: S. 9,57,14
Marquard Schenk von Castell,#,#,09.12.1628,#,1628,Aufschwörung,Domherr,Domkapitel Mainz,Mainz,66,Germany,Dom Mainz Germany,49.9990056297492,8.273938609815461,#,Reiter: Marquard II.: S. 239-240 / Braun: Das Domkapitel Eichstätt: S. 440,57,14
Hugo Franz Karl von Eltz (-Kempenich),#,#,1736,#,1736,Aufschwörung,Domherr,Domkapitel Minden,Minden,4,Germany,Dom Minden Germany,52.288856,8.9191982,#,Hersche: Einleitung: S. 205 / Schrader: S. 109,57,1
Johann Wilhelm Wolff-Metternich zur Gracht,#,#,1649,#,1649,Aufschwörung,Domherr,Domkapitel Münster,Münster,2,Germany,Dom Münster Germany,51.9629806,7.6257716,Laut Becker-Huberti: Die Tridentische Reform im Bistum Münster: S. 341 zurückdatiert auf 1642,Hersche: Deutsche Domkapitel: S. 135,57,1
Johann Wilhelm Wolff-Metternich zur Gracht,#,#,1644,#,1644,Aufschwörung,Domherr,Domkapitel Paderborn,Paderborn,1,Germany,Dom Paderborn Germany,51.7189529,8.75583,#,Hersche: Deutsche Domkapitel: S. 147,57,1
Dietrich Kaspar von Fürstenberg,#,#,1636,#,1636,Aufschwörung,Domherr,Domkapitel Speyer,Speyer,6,Germany,Dom Speyer Germany,49.3172765,8.4412172,#,Lahrkamp et al.: Geschichte: S. 96,57,2
Lothar Friedrich von Metternich-Burscheid,#,#,1627,#,1627,Aufschwörung,Domherr,Domkapitel Speyer,Speyer,6,Germany,Dom Speyer Germany,49.3172765,8.4412172,#,Hersche: Einleitung: S. 166,57,2
Damian Friedrich von der Leyen-Hohengeroldseck,#,#,1749,#,1749,Aufschwörung,Domherr,Domkapitel Trier,Trier,12,Germany,Dom Trier Germany,49.7562639,6.6434155,#,Hersche: Einleitung: S. 249 / Jürgensmeier: Bischofslexikon: S. 271,57,6
Heinrich Ferdinand von der Leyen,#,#,09.07.1653,#,1653,Aufschwörung,Domherr,Domkapitel Trier,Trier,12,Germany,Dom Trier Germany,49.7562639,6.6434155,#,Wikipedia: Heinrich Ferdinand / Braun: Domkapitel: S. 350,57,6
Heinrich Wilhelm Harff von Dreyborn,#,#,1745,#,1745,Aufschwörung,Domherr,Domkapitel Trier,Trier,12,Germany,Dom Trier Germany,49.7562639,6.6434155,#,Hersche: Einleitung: S. 185.: Dylong: Domkapitel Hildesheim: S. 372,57,6
Hugo Franz Karl von Eltz (-Kempenich),#,#,1725,#,1725,Aufschwörung,Domherr,Domkapitel Trier,Trier,12,Germany,Dom Trier Germany,49.7562639,6.6434155,#,Hersche: Einleitung: S. 184 / Kurmainzer Hof- und Staatskalender 1779: S. 3,57,6
Karl Emmerich Franz von Breidbach-Bürresheim,#,#,1687,#,1687,Aufschwörung,Domherr,Domkapitel Trier,Trier,12,Germany,Dom Trier Germany,49.7562639,6.6434155,#,Hersche: Einleitung: S. 184,57,6
Lothar Friedrich von Metternich-Burscheid,#,#,1625,#,1625,Aufschwörung,Domherr,Domkapitel Trier,Trier,12,Germany,Dom Trier Germany,49.7562639,6.6434155,#,Hersche: Einleitung: S. 182 / Christ: Metternich-Burscheidt: S. 9,57,6
Damian Friedrich von der Leyen-Hohengeroldseck,#,#,1793,#,1793,Aufschwörung,Domherr,Domkapitel Worms,Worms,6,Germany,Dom Worms Germany,49.6341372,8.3507182,#,Hersche: Einleitung: S. 249 / Jürgensmeier: Bischofslexikon: S. 272,57,2
Johann Heppenheim genannt von Saal,#,#,1617,#,1617,Aufschwörung,Domherr,Domkapitel Worms,Worms,6,Germany,Dom Worms Germany,49.6341372,8.3507182,Wikipedia schreibt: ab 1617 tauche von Saal in den Domkapitelprotokollen auf: Herrsche nimmt 1617 als Eintrittsdatum in das Domkapitel Worms: was in Verbindung mit dem Alter die Vermutung naheliegt: es handelt sich bei diesem Ereignis um die Ernennung zum Domizellar,Hersche: Domkapitel: S. 128 / Wikipedia: Johann von Heppenheim genannt vom Saal,57,2
Adolph Hund von Saulheim,#,#,1613,#,1613,Aufschwörung,Domherr,Domkapitel Würzburg,Würzburg,15,Germany,Dom Würzburg Germany,49.7933488,9.9325575,#,Wendehorst: Bistümer der Kirchenprovinz Mainz: S. 225 / Hersche: S. 193,57,7
Damian Friedrich von der Leyen-Hohengeroldseck,#,#,01.02.1755,#,1755,Aufschwörung,Domherr,Domkapitel Würzburg,Würzburg,15,Germany,Dom Würzburg Germany,49.7933488,9.9325575,#,Hersche: Einleitung: S. 249 / Jürgensmeier: Bischofslexikon: S. 271 / Salver: Proben: S. 738,57,7
Damian Friedrich von der Leyen-Hohengeroldseck,#,#,1781,#,1781,Aufschwörung,Domherr,Domkapitel Würzburg,Würzburg,15,Germany,Dom Würzburg Germany,49.7933488,9.9325575,#,Jürgensmeier: Bischofslexikon: S. 271.,57,7
Johann Heppenheim genannt von Saal,#,#,15.10.1622,#,1622,Aufschwörung,Domherr,Domkapitel Würzburg,Würzburg,15,Germany,Dom Würzburg Germany,49.7933488,9.9325575,#,Wendehorst: Das Stift Neumünster in Würzburg: S. 321,57,7
Johann Philipp Franz Graf von Schönborn,#,#,1682,#,1682,Aufschwörung,Domherr,Domkapitel Würzburg,Würzburg,15,Germany,Dom Würzburg Germany,49.7933488,9.9325575,#,Greipl: Schönborn: S. 442,57,7
Johann Philipp Franz Graf von Schönborn,#,#,1699,#,1699,Aufschwörung,Domherr,Domkapitel Würzburg,Würzburg,15,Germany,Dom Würzburg Germany,49.7933488,9.9325575,#,"Wendehorst: ""Johann Philipp Franz"": S. 546",57,7
Adolph Hund von Saulheim,#,#,04.04.1609,#,1609,Aufschwörung,Stiftsherr,Stift St. Burkhard,Würzburg,22,Germany,Germany,49.7911111,9.9245707,#,Wendehorst: Bistümer der Kirchenprovinz Mainz: S. 225,57,7
Damian Friedrich von der Leyen-Hohengeroldseck,#,#,1754,#,1754,Aufschwörung,Domherr,Domkapitel Köln,Köln,1,Germany,Kölner Dom Köln Germany,50.9412784,6.9582814,#,Hersche: Einleitung: S. 249 / Robins: Adel: S. 277 / Jürgensmeier: Bischofslexikon: S. 272,57,1
Adolph Hund von Saulheim,#,#,#,#,#,Aufschwörung,Stiftsherr,Stift Mariengreden,Mainz,3,Germany,Stift Mariengreden Mainz Germany,49.99928007,8.275409983,#,Wendehorst: Bistümer der Kirchenprovinz Mainz: S. 225,57,3
Christoph Rudolf von Stadion,1665,1674,#,#,#,Aufschwörung,Stiftsherr,Stift Mariengreden,Mainz,3,Germany,Stift Mariengreden Mainz Germany,49.99928007,8.275409983,#,Rauch: Sankt Bartholomäus: S. 177: FN 958: Dörr: Mariengreden: S. 85,57,3
Heinrich Wilhelm Harff von Dreyborn,,1775,,,,Aufschwörung,Stiftsherr,Stift Mariengreden,Mainz,3,Germany,Stift Mariengreden Mainz Germany,49.99928007,8.275409983,#,ohne Quellenangabe,57,3
Adolph Hund von Saulheim,#,#,#,#,#,Aufschwörung,Stiftsherr,Stift St. Alban,Mainz,7,Germany,Stift St. Alban Mainz Germany,49.99,8.28,#,Wendehorst: Bistümer der Kirchenprovinz Mainz: S. 225,57,5
Christoph Rudolf von Stadion,#,#,#,#,#,Aufschwörung,Stiftsherr,Stift St. Alban,Mainz,7,Germany,Stift St. Alban Mainz Germany,49.99,8.28,#,Rauch: Sankt Bartholomäus: S. 177: FN 958,57,5
Hugo Franz Karl von Eltz (-Kempenich),#,#,#,#,#,Aufschwörung,Stiftsherr,Stift St. Alban,Mainz,7,Germany,Stift St. Alban Mainz Germany,49.99,8.28,#,Schrader: Cathedral Chapter Minden: S. 109 / Staatskalender 1779: S. 3.,57,5
Hugo Wolfgang von Kesselstatt,#,#,#,#,#,Aufschwörung,Stiftsherr,Stift St. Alban,Mainz,7,Germany,Stift St. Alban Mainz Germany,49.99,8.28,#,Wikipedia: Hugo Wolfgang von Kesselstatt,57,5
Johann Philipp Franz Graf von Schönborn,#,#,1682,#,1682,Aufschwörung,Stiftsherr,Stift St. Alban,Mainz,7,Germany,Stift St. Alban Mainz Germany,49.99,8.28,#,"Germania Sacra online: ""Johann Philipp Franz Graf von Schönborn""",57,5
Christoph Rudolf von Stadion,#,#,#,#,#,Aufschwörung,Stiftsherr,Stift St. Ferrutius,Bleidenstadt,2,Germany,Stift St. Ferrutius Bleidenstadt Germany,50.139647,8.13748,#,Joannis: S. 791,57,2
Hugo Wolfgang von Kesselstatt,#,#,#,#,#,Aufschwörung,Stiftsherr,Stift St. Ferrutius Bleidenstadt,Bleidenstadt,2,Germany,Stift St. Ferrutius Bleidenstadt Germany,50.139647,8.13748,Stiftsherren von Bleidenstadt verrichteten seit 1682 wegen Zerstörung ihrer Kirche ihren Chordienst in der St. Sebastianskapelle in Mainz am Höfchen aus: Noll/Burkhardt: S. 78,Wikipedia: Hugo Wolfgang von Kesselstatt,57,2
Karl Emmerich Franz von Breidbach-Bürresheim,#,#,#,#,#,Aufschwörung,Stiftsherr,St. Ignaz,Mainz,1,Germany,Stift St. Ignaz Mainz Germany,49.9956325,8.2782727,#,Klassert: Kollegialstift St. Peter: S. 90,57,1
Hugo Franz Karl von Eltz (-Kempenich),#,#,#,#,#,Aufschwörung,Stiftsherr,Stift St. Peter,Mainz,2,Germany,Stift St. Peter Mainz Germany,50.004825,8.26985,#,Kurzmainzer Hof- und Staatskalender 1740: S. 3.,57,2
Karl Emmerich Franz von Breidbach-Bürresheim,#,#,18.06.1712,#,1712,Aufschwörung,Stiftsherr,Stift St. Peter,Mainz,2,Germany,Stift St. Peter Mainz Germany,50.004825,8.26985,#,Weidenbach: Breidbach-Bürresheim: S. 103 / Verzeichnis der Mainzer Universitätsmatrikeln: S. 108,57,2
Adolph Hund von Saulheim,#,#,#,#,#,Aufschwörung,Stiftsherr,Stift St. Viktor,Mainz,2,Germany,Stift St. Viktor Mainz Germany,49.981969943629636,8.29649529311655,#,Wendehorst: Bistümer der Kirchenprovinz Mainz: S. 225,57,1
Adolph Hund von Saulheim,#,#,1621,#,1621,Aufschwörung,Domherr,Domkapitel Würzburg,Würzburg,3,Germany,Würzburg Germany,49.7913044,9.9533548,#,Wendehorst: Bistümer der Kirchenprovinz Mainz: S. 225,57,1
Damian Friedrich von der Leyen-Hohengeroldseck,#,#,#,#,#,Beisetzung,Begräbnis,,Würzburg,1,Germany,Allgemeiner Friedhof Würzburg Germany,49.7966264,9.9469374,Allgemeiner Friedhof,Jürgensmeier: Bischofslexikon: S. 272.,12,#
Marquard Schenk von Castell,#,#,08.02.1685,#,1685,Beisetzung,#,Dom Eichstätt,Eichstätt,9,Germany,Dom Eichstätt Germany,48.8919581,11.1835667,#,Braun: Das Domkapitel Eichstätt: S. 441,12,#
Christoph Rudolf von Stadion,17.01.1700,#,#,#,1700,Beisetzung,#,,Mainz,66,Germany,Dom Mainz Germany,49.9990056297492,8.273938609815461,#,Arens: Mainzer Inschriften: S. 45f.,12,#
Heinrich Ferdinand von der Leyen,08.03.1714,#,#,#,1714,Beisetzung,#,Dom Mainz,Mainz,66,Germany,Dom Mainz Germany,49.9990056297492,8.273938609815461,Südquerhaus Dom: größtes Denkmal,Arens: Mainzer Inschriften: S. 55–57,12,#
Hugo Franz Karl von Eltz (-Kempenich),#,#,#,#,#,Beisetzung,,,Mainz,66,Germany,Dom Mainz Germany,49.9990056297492,8.273938609815461,#,Nottarp: Mindener Domprobst: S. 145,12,#
Hugo Wolfgang von Kesselstatt,#,02.01.1738,#,#,1738,Beisetzung,#,Dom Mainz,Mainz,66,Germany,Dom Mainz Germany,49.9990056297492,8.273938609815461,Inschrift,Arens: Mainzer Inschriften: S. 66,12,#
Johann Heppenheim genannt von Saal,03.02.1672,#,#,#,#,Beisetzung,#,Dom Mainz,Mainz,66,Germany,Dom Mainz Germany,49.9990056297492,8.273938609815461,#,Wendehorst: Das Stift Neumünster in Würzburg: S. 321,12,#
Johann Wilhelm Wolff-Metternich zur Gracht,#,#,17.12.1694,#,1694,Beisetzung,,Dom Mainz,Mainz,66,Germany,Dom Mainz Germany,49.9990056297492,8.273938609815461,#,Arens: Mainzer Inschriften: S. 40ff.,12,#
Karl Emmerich Franz von Breidbach-Bürresheim,20.02.1743,,,,,Beisetzung,,Dom Mainz,Mainz,66,Germany,Dom Mainz Germany,49.9990056297492,8.273938609815461,#,Arens: Mainzer Inschriften: S. 71,12,#
Lothar Friedrich von Metternich-Burscheid,03.06.1675,#,#,#,#,Beisetzung,,Dom Mainz,Mainz,66,Germany,Dom Mainz Germany,49.9990056297492,8.273938609815461,#,Arens: Inschriften: S. 16,12,#
Adolph Hund von Saulheim,#,#,,#,1668,Beisetzung,#,,Mainz,1,Germany,Marienkapelle des Domes Mainz Germany,49.99771596594513,8.275730325428226,#,Wendehorst: Bistümer der Kirchenprovinz Mainz: S. 225,12,#
Johann Philipp Franz Graf von Schönborn,#,#,4.09.1724,#,1724,Beisetzung,Beisetzung,,Würzburg,1,Germany,Würzburger Dom,49.7933488,9.9325575,#,Greipl: Schönborn: S. 444 / Romberg: Bistümer der Kirchenprovinz Mainz: S. 346,12,#
Lothar Friedrich von Metternich-Burscheid,03.06.1675,,,,,Beisetzung des Herzens,,Speyrer Dom,Speyer,6,Germany,Dom Speyer Germany,49.3172765,8.4412172,#,ohne Quellenangabe,2,#
Johann Philipp Franz Graf von Schönborn,#,#,22.08.1724,#,1724,Beisetzung des Herzens,#,Schlosskirche Marienberg,Würzburg,3,Germany,Schlosskirche Marienberg Würzburg Germany,49.7897393,9.9201319,#,Romberg: Bistümer der Kirchenprovinz Mainz: S. 346,2,#
Marquard Schenk von Castell,#,#,06.03.1682,#,1682,Belehnung,Kanzler,Erzstift Mainz,Mainz,14,Germany,Kurfürstliches Schloss Mainz Germany,50.0069542,8.2698184,Brauns Quelle ist StaN EU = Staatsarchiv Nürnberg Eichstätter Urkunden / allerdings keine Erwähnung bei May: Die Organisation von Gerichtsbarkeit und Verwaltung in der Erzdiözese Mainz vom hohen Mittelalter bis zum Ende der Reichskirche,Braun: Das Domkapitel Eichstätt: S. 441,1,#
Marquard Schenk von Castell,#,#,29.8.1669,#,1669,Bestellung durch Kaiser Leopold I.,Prinzipialkommissar,Immerwährender Reichstag,Regensburg,1,Germany,Immerwährender Reichstag Regensburg Germany,49.0134297,12.1016236,Angabe durch Kaiser Leopold I. lassen oder weg?,Reiter: Marquard II.: S. 239-240,1,#
Adolph Hund von Saulheim,#,#,04.11.1618,#,1618,Beurlaubung zum studium voluntarium,#,#,Mainz,12,Germany,Mainz Germany,49.9928617,8.2472526,#,Wendehorst: Bistümer der Kirchenprovinz Mainz: S. 225,1,#
Christoph Rudolf von Stadion,#,#,13.11.1669,#,1669,Ernennung,Generalvikar,Erzbistum Mainz,Mainz,66,Germany,Dom Mainz Germany,49.9990056297492,8.273938609815461,#,Wurzbach: Stadion: S. 26 / Wikipedia: Christoph,16,#
Damian Friedrich von der Leyen-Hohengeroldseck,#,#,1771,1774/ 75,1771,Ernennung,Generalvikar,#,Mainz,66,Germany,Dom Mainz Germany,49.9990056297492,8.273938609815461,#,Kurmainzischer Hof- und Staatskalender 1774: S. 16 / 1775: S. 17 / May: Organisation: S. 336 / Jürgensmeier: Bischofslexikon: S. 271.,16,#
Hugo Franz Karl von Eltz (-Kempenich),#,#,19.03.1736,#,1736,Ernennung,Domprobst,Domkapitel Minden,Minden,4,Germany,Dom Minden Germany,52.288856,8.9191982,Ernennung durch König FriedrichWilhelmI. in Preußen,ohne Quellenangabe,16,#
Christoph Rudolf von Stadion,#,#,#,#,#,Ernennung,Statthalter zu Erfurt,Erzstift Mainz,Erfurt,5,Germany,Erfurt Germany,50.9847679,11.0298799,#,Wurzbach: Stadion: S. 26,16,#
Christoph Rudolf von Stadion,#,#,1699,#,1699,Ernennung,Rector magnificus,#,Erfurt,5,Germany,Erfurt Germany,50.9847679,11.0298799,#,Wurzbach: Stadion: S. 26 / Universität Erfurt: Rektoren,16,#
Johann Philipp Franz Graf von Schönborn,#,#,1717,#,1717,Ernennung,Statthalter,Erzstift Mainz,Erfurt,5,Germany,Erfurt Germany,50.9847679,11.0298799,#,Greipl: Schönborn: S. 442,16,#
Johann Philipp Franz Graf von Schönborn,#,#,1719,#,1719,Ernennung,Rektor,Julius-Maximilians Universität,Würzburg,2,Germany,Julius-Maximilians Universität Würzburg Germany,49.7881814,9.93526,#,Würzburg Wiki: Schönborn,16,#
Heinrich Ferdinand von der Leyen,#,#,26.01.1679,#,1679,Ernennung,Archidiakon,Erzbistum Trier,Karden an der Mosel,1,Germany,Karden an der Mosel Germany,50.1723814,7.3028282,#,Wikipedia: Heinrich Ferdinand,16,#
Christoph Rudolf von Stadion,#,#,#,#,#,Ernennung,Geheimrat,Erzstift Mainz,Mainz,14,Germany,Kurfürstliches Schloss Mainz Germany,50.0069542,8.2698184,#,Wurzbach: Stadion: S. 26,16,#
Christoph Rudolf von Stadion,1679,#,#,#,1679,Ernennung,Hofratspräsident,Erzstift Mainz,Mainz,14,Germany,Kurfürstliches Schloss Mainz Germany,50.0069542,8.2698184,#,Wurzbach: Stadion: S. 26,16,#
Damian Friedrich von der Leyen-Hohengeroldseck,#,#,#,#,#,Ernennung,Geheimrat,Erzstift Mainz,Mainz,14,Germany,Kurfürstliches Schloss Mainz Germany,50.0069542,8.2698184,#,Robins: Adel: S. 277,16,#
Hugo Franz Karl von Eltz (-Kempenich),#,#,1735,#,1735,Ernennung,Generalvikar,Erzbistum Mainz,Mainz,14,Germany,Kurfürstliches Schloss Mainz Germany,50.0069542,8.2698184,#,Nottarp: S. 121 / Datum: https://kalliope-verbund.info/de/eac?eac.id=116461977 (zuletzt aufgerufen am 17.06.2022).,16,#
Johann Wilhelm Wolff-Metternich zur Gracht,#,15.12.1694,#,#,1694,Ernennung,Geheimer Rat,Erzstift Mainz,Mainz,14,Germany,Kurfürstliches Schloss Mainz Germany,50.0069542,8.2698184,Übte dieses Amt laut seinem Grabstein aus,Arens: Mainzer Inschriften: S. 40ff.,16,#
Damian Friedrich von der Leyen-Hohengeroldseck,#,#,#,#,#,Ernennung,Ehrenritter des Malteserorden,#,Mainz,12,Germany,Mainz Germany,49.9928617,8.2472526,#,Robins: Adel: S. 277 / Kurmainzischer Hof - und Staatskalender 1773: S. 7,16,#
Heinrich Wilhelm Harff von Dreyborn,1777,1781,#,#,1777,Ernennung,Archidiakon,Erzbistum Mainz,Rheingau,1,Germany,Rheingau Germany,51.165691,10.451526,#,Kurmainzer Hof- und Staatskalender 1777: S. 5,16,#
Heinrich Ferdinand von der Leyen,#,#,26.01.1679,#,1679,Ernennung,Probst,Stift St. Kastor,Karden an der Mosel,1,Germany,Stift St. Kastor Karden an der Mosel Germany,50.183648,7.3013025,#,Pauly: Bistümer: S. 313,16,#
Dietrich Kaspar von Fürstenberg,#,#,1644,#,1644,Flucht,#,#,Oberlahnstein,1,Germany,Oberlahnstein Germany,50.3078274,7.6093633,#,Lahrkamp et al.: Geschichte: S. 98,1,#
Dietrich Kaspar von Fürstenberg,#,#,1647,#,1647,Flucht nach Brüssel,Flüchtling,#,Brüssel,2,Belgium,Brüssel Belgium,50.8476424,4.3571696,#,Lahrkamp et al.: Geschichte: S. 98,1,#
Dietrich Kaspar von Fürstenberg,#,#,1648,#,1648,Flucht nach Douai,#,#,Douai,1,France,Douai France,50.367874,3.080602,#,Lahrkamp et al.: Geschichte: S. 98,1,#
Marquard Schenk von Castell,#,#,09.08.1605,#,1605,Geburt,Geburt,#,Berg bei Liebenau (oder Liebenthann?) bei Augsburg,2,Germany,Berg bei Liebenau (oder Liebenthann?) bei Augsburg Germany,48.3705449,10.89779,zwei Geburtsdaten angegeben: das spätere als Taufdatum?,"Reiter: Ernst: ""Marquard II."" in: Neue Deutsche Biographie 16 (1990): S. 239-240 (https://www.deutsche-biographie.de/sfz58490.html#ndbcontent_leben)",15,#
Marquard Schenk von Castell,#,#,10.08.1605,#,1605,Geburt,Geburt,#,Berg bei Liebenau (oder Liebenthann?) bei Augsburg,2,Germany,Berg bei Liebenau (oder Liebenthann?) bei Augsburg Germany,48.3705449,10.89779,zwei Geburtsdaten angegeben: das spätere als Taufdatum?,Reiter: Marquard II.: S. 239-240,15,#
Lothar Friedrich von Metternich-Burscheid,#,#,29.09.1617,#,1617,Geburt,Geburt,#,Burscheid,1,Germany,Burscheid Germany,51.085636,7.1105932,Luxemburg,Rauch: Mainzer Inschriften: S. 174: Christ: Metternich-Burscheidt: S. 9,15,#
Christoph Rudolf von Stadion,#,#,30.12.1638,#,1638,Geburt,#,#,#,22,Germany,Germany,51.165691,10.451526,#,Rauch: Domkapitel Mainz: S. 168,15,#
Damian Friedrich von der Leyen-Hohengeroldseck,#,#,03.01.1738,#,1738,Geburt,#,#,#,22,Germany,Germany,51.165691,10.451526,Kein Ort gefunden,Rauch: Domkapitel Mainz: S. 177,15,#
Heinrich Wilhelm Harff von Dreyborn,#,#,22.09.1715,#,1715,Geburt,#,#,#,22,Germany,Germany,51.165691,10.451526,Kein Ort gefunden,Rauch: Domkapitel Mainz: S. 177.,15,#
Hugo Franz Karl von Eltz (-Kempenich),#,#,19.11.1701,#,1701,Geburt,#,#,#,22,Germany,Germany,51.165691,10.451526,#,Nottarp: Mindener Domprobst: S. 120 / Schrader: S.109 / Staatskalender 1779: S. 3,15,#
Hugo Wolfgang von Kesselstatt,#,#,1659,#,1659,Geburt,#,#,#,22,Germany,Germany,51.165691,10.451526,#,Wikipedia: Hugo Wolfgang von Kesselstatt,15,#
Johann Heppenheim genannt von Saal,#,#,1609,#,1609,Geburt,#,#,#,22,Germany,Germany,51.165691,10.451526,#,Hersche: Deutsche Domkapitel: S. 128,15,#
Johann Wilhelm Wolff-Metternich zur Gracht,#,#,30.11.1624,#,1624,Geburt,#,#,#,22,Germany,Germany,51.165691,10.451526,Wikipedia: Johann Wilhelm Wolff von Metternich zur Gracht: nennt 13.11.1624 als Geburtsdatum,Rauch: Domkapitel Mainz: S. 154 / Schleicher: Ernst von Oidtman: Bd. 16: S. 720,15,#
Heinrich Ferdinand von der Leyen,#,#,31.03.1642,#,1642,Geburt,#,#,Köln,5,Germany,Köln Germany,50.937531,6.9602786,Geburtsdatum auf Wikipedia kann nicht stimmen,Rauch: Domkapitel Mainz: S. 175 / Wikipedia: Heinrich Ferdinand / Arens: Mainzer: S. 56,15,#
Dietrich Kaspar von Fürstenberg,#,#,06.03.1615,#,1615,Geburt,#,#,Königstein,1,Germany,Königstein Germany,50.17874,8.47191,#,Rauch: Domkapitel Mainz: S. 174 / Lahrkamp et al.: Geschichte: S. 96,15,#
Adolph Hund von Saulheim,#,#,um 1595,#,1595,Geburt,#,#,Speyer,1,Germany,Speyer Germany,49.3172765,8.4412172,#,Thesaurus Personarum: Pfälzische Personengeschichte,15,#
Karl Emmerich Franz von Breidbach-Bürresheim,#,#,18.01.1674,#,1674,Geburt,Geburt,#,Trier,2,Germany,Trier Germany,49.749992,6.6371433,Angabe Trier unsicher (siehe Universitätsmatrikeln: S. 108,Rauch: Domkapitel Mainz: S. 168 / verzeichnis der Mainzer Universitätsmatrikeln: S. 108 / Hersche: Einleitung: S. 130,15,#
Johann Philipp Franz Graf von Schönborn,#,#,05.02.1673,#,1673,Geburt,Geburt,#,Würzburg,3,Germany,Würzburg Germany,49.7913044,9.9533548,Taufe: Pfarrkirche St. Peter: Würzburg,Romberg: Bistümer der Kirchenprovinz Mainz: S. 287,15,#
Heinrich Ferdinand von der Leyen,#,#,15.12.1689,24.01.1690,1689,Gesandtschaft,Gesandter,Erzbistum Trier,Augsburg,1,Germany,Augsburg Germany,48.3705449,10.89779,zum Wahltag,Braun: Domkapitel: S. 350 / Wikipedia: Heinrich Ferdinand,8,#
Heinrich Ferdinand von der Leyen,#,#,16.02.1691,08.06.1691,1691,Gesandtschaft,Gesandter,Erzbistum Trier,England,2,United Kingdom,England United Kingdom,52.3555177,-1.1743197,#,Braun: Domkapitel: S. 350 f.,8,#
Heinrich Ferdinand von der Leyen,#,#,29.03.1682,08.01.1683,1682,Gesandtschaft,Gesandter,Erzbistum Trier,Frankfurt,2,Germany,Frankfurt Germany,50.1109221,8.6821267,zum Deputationstag,Braun: Domkapitel: S. 350,8,#
Hugo Franz Karl von Eltz (-Kempenich),#,#,1741,#,1741,Gesandtschaft,Erster Mainzer Gesandter bei der Kaiserwahl,,Frankfurt,2,Germany,Frankfurt Germany,50.1109221,8.6821267,#,Nottarp: Mindener Domprobst: S. 121,8,#
Christoph Rudolf von Stadion,1679,#,#,#,1679,Gesandtschaft,Gesandter,Erzstift Mainz,Wien,2,Austria,Kaiserhof Wien Austria,48.1975454,16.3686303,#,Wikipedia: Christoph,8,#
Heinrich Ferdinand von der Leyen,#,#,08.03.1676,25.02.1677,1676,Gesandtschaft,Gesandter,Erzbistum Trier,Wien,2,Austria,Kaiserhof Wien Austria,48.1975454,16.3686303,zum Kaiser,Pauly: Bistümer: S. 313 / Braun: Domkapitel: S. 350 / Wikipedia: Heinrich Ferdinand,8,#
Heinrich Ferdinand von der Leyen,#,#,04.08.1673,#,1673,Gesandtschaft,Gesandter,Erzbistum Trier,Regensburg,2,Germany,Regensburg Germany,49.0134297,12.1016236,zum Reichstag,Braun: Domkapitel: S. 350,8,#
Heinrich Ferdinand von der Leyen,#,#,12.11.1667,#,1667,Gesandtschaft,Gesandter,Erzbistum Trier,Rom,2,Italy,Rom Italy,41.9027835,12.4963655,visitatio liminum,Braun: Domkapitel: S. 350,8,#
Adolph Hund von Saulheim,#,#,06.10.1615,#,1615,Immatrikulation,Student,Universität Ingolstadt. Juristische Fakultät,Ingolstadt,1,Germany,Juristische Fakultät Ingolstadt Germany,48.7667395,11.4226498,Studium der Rechte,Wendehorst: Bistümer der Kirchenprovinz Mainz: S. 225,2,#
Adolph Hund von Saulheim,#,#,29.04.1613,#,1613,Immatrikulation,Student,Universität Köln,Köln,5,Germany,Köln Germany,50.937531,6.9602786,#,Wendehorst: Bistümer der Kirchenprovinz Mainz: S. 225,2,#
Johann Philipp Franz Graf von Schönborn,#,#,1697,1698,1697,Kavalierstour,#,#,England,2,United Kingdom,England United Kingdom,52.3555177,-1.1743197,#,Greipl: Schönborn: S. 442,3,#
Johann Philipp Franz Graf von Schönborn,#,#,1697,1698,1697,Kavalierstour,#,#,Niederlande,1,Netherlands,Niederlande Netherlands,52.132633,5.291266,#,Greipl: Schönborn: S. 442,3,#
Johann Philipp Franz Graf von Schönborn,#,#,1697,1698,1697,Kavalierstour,#,#,Paris,1,France,Paris France,48.856614,2.3522219,Widerspruch zur Residenz,Greipl: Schönborn: S. 442,3,#
Dietrich Kaspar von Fürstenberg,#,#,1643,1644,1643,Kommando über eine Kompanie Kürassiere,Kommandant,#,Böhmen,1,Europe,Bohemia Europe,49.817492,15.472962,#,Lahrkamp et al.: Geschichte: S. 97,1,#
Heinrich Wilhelm Harff von Dreyborn,#,#,04.08.1779,#,1779,Konfirmation,Domprobst,Domkapitel Mainz,Mainz,66,Germany,Dom Mainz Germany,49.9990056297492,8.273938609815461,#,Rauch: Domkapitel Mainz: S. 177,1,#
Dietrich Kaspar von Fürstenberg,#,#,1675,#,1675,Niederlage bei der Wahl zum Kurfürsten,#,#,Mainz,14,Germany,Kurfürstliches Schloss Mainz Germany,50.0069542,8.2698184,#,Lahrkamp et al.: Geschichte: S. 105,1,#
Hugo Franz Karl von Eltz (-Kempenich),#,#,1765,#,1765,Niederlage bei der Wahl zum Mainzer Erzbischof,#,Domkapitel Mainz,Mainz,66,Germany,Dom Mainz Germany,49.9990056297492,8.273938609815461,#,Nottarp: Mindener Domprobst: S. 121,1,#
Dietrich Kaspar von Fürstenberg,#,#,19.08.1648,#,1648,Niederlage in der Schlacht bei Lens,Obrist eines spanischen Reiterregiments,#,Lens,1,France,Lens France,50.42893,2.83183,#,Lahrkamp et al.: Geschichte: S. 98,1,#
Karl Emmerich Franz von Breidbach-Bürresheim,#,#,#,#,#,Präsident,Präsident,???,Mainz,12,Germany,Mainz Germany,49.9928617,8.2472526,ORT UNSICHER: muss nachrecherchiert werden,Weidenbach: Breidbach-Bürresheim: S. 103 /,1,#
Johann Philipp Franz Graf von Schönborn,#,#,??.08.1724,#,1724,Reise,#,,Mergentheim,1,Germany,Hochmeister-Residenz Mergentheim Germany,49.488537,9.7704158,Ziel: Bewegung zur Resignation in der kurmainzischen Koadjutorie-Angelegenheit,Romberger: Bistümer der Kirchenprovinz Mainz: S. 306,1,#
Johann Philipp Franz Graf von Schönborn,#,#,1697,1698,1697,Residenz,Domherr,Domkapitel Würzburg,Würzburg,15,Germany,Dom Würzburg Germany,49.7933488,9.9325575,Widerspruch zur Kavalierstour,Romberg: Bistümer der Kirchenprovinz Mainz: S. 290,1,#
Damian Friedrich von der Leyen-Hohengeroldseck,#,#,19.02.1755,#,1755,Resignation,Domherr,Domkapitel Bamberg,Bamberg,4,Germany,Dom Bamberg Germany,49.8907746,10.882515,#,Hersche: Einleitung: S. 249 / Jürgensmeier: Bischofslexikon: S. 272,34,#
Johann Philipp Franz Graf von Schönborn,#,#,1698,#,1698,Resignation,Domherr,Domkapitel Bamberg,Bamberg,4,Germany,Dom Bamberg Germany,49.8907746,10.882515,#,"Germania Sacra online: ""Johann Philipp Franz Graf von Schönborn"" / Hersche: Domkapitel: S. 75",34,#
Marquard Schenk von Castell,#,#,25.08.1637,#,1637,Resignation,Domdekan,Domkapitel Eichstätt,Eichstätt,9,Germany,Dom Eichstätt Germany,48.8919581,11.1835667,#,Braun: Das Domkapitel Eichstätt: S. 441,34,#
Marquard Schenk von Castell,#,#,10.01.1638,#,1638,Resignation,Domherr,Domkapitel Eichstätt,Eichstätt,9,Germany,Dom Eichstätt Germany,48.8919581,11.1835667,Datum geht aus Weihe zum Bischof hervor / anders als für Resignation des Domdekanats ist für dieses Ereignis kein genaues Datum überliefert / Datum als terminus oder terminus ante quem,Reiter: Marquard II.: S. 239-240,34,#
Heinrich Wilhelm Harff von Dreyborn,Dez. 1749,Jan. 1750,#,#,1749,Resignation,Domherr,Domkapitel Hildesheim,Hildesheim,2,Germany,Dom Hildesheim Germany,52.1490222,9.9471512,#,Dylong: Domkapitel Hildesheim: S. 372.,34,#
Hugo Wolfgang von Kesselstatt,#,#,1687,#,1687,Resignation,Domherr,Domkapitel Lüttich,Lüttich,2,Belgium,Dom Lüttich Belgium,50.6329586,5.5697498,#,De Theux de Montjardin: Chapitré Saint-Lambért: Bd. 3: S. 345,34,#
Adolph Hund von Saulheim,#,#,10.12.1652,#,1652,Resignation,Domdekan,Domkapitel Mainz,Mainz,66,Germany,Dom Mainz Germany,49.9990056297492,8.273938609815461,#,ohne Quellenangabe,34,#
Adolph Hund von Saulheim,#,#,22.06.1638,#,1638,Resignation,Domscholaster,Domkapitel Mainz,Mainz,66,Germany,Dom Mainz Germany,49.9990056297492,8.273938609815461,#,ohne Quellenangabe,34,#
Christoph Rudolf von Stadion,#,#,10.01.1695,#,1695,Resignation,Domdekan,Domkapitel Mainz,Mainz,66,Germany,Dom Mainz Germany,49.9990056297492,8.273938609815461,#,Rauch: Domkapitel Mainz: S. 175 / Wurzbach: Stadion: S. 26,34,#
Hugo Franz Karl von Eltz (-Kempenich),#,#,26.03.1743,#,1743,Resignation,Domkantor,Domkapitel Mainz,Mainz,66,Germany,Dom Mainz Germany,49.9990056297492,8.273938609815461,#,Rauch:Domkapitel Mainz: S. 176,34,#
Hugo Wolfgang von Kesselstatt,#,#,18.12.1709,#,#,Resignation,Domkantor,Domkapitel Mainz,Mainz,66,Germany,Dom Mainz Germany,49.9990056297492,8.273938609815461,#,ohne Quellenangabe,34,#
Hugo Wolfgang von Kesselstatt,#,#,18.09.1724,#,#,Resignation,Domdekan,Domkapitel Mainz,Mainz,66,Germany,Dom Mainz Germany,49.9990056297492,8.273938609815461,#,ohne Quellenangabe,34,#
Johann Heppenheim genannt von Saal,#,#,17.07.1668,#,1668,Resignation,Domdekan,Domkapitel Mainz,Mainz,66,Germany,Dom Mainz Germany,49.9990056297492,8.273938609815461,#,Rauch: Domkapitel Mainz: S. 174,34,#
Johann Wilhelm Wolff-Metternich zur Gracht,#,#,4.11.1679,#,1679,Resignation,Domscholaster,Domkapitel Mainz,Mainz,66,Germany,Dom Mainz Germany,49.9990056297492,8.273938609815461,#,Rauch: Domkapitel Mainz: S. 167,34,#
Johann Wilhelm Wolff-Metternich zur Gracht,#,#,20.2.1685,#,1685,Resignation,Domdekan,Domkapitel Mainz,Mainz,66,Germany,Dom Mainz Germany,49.9990056297492,8.273938609815461,#,Rauch: Domkapitel Mainz: S. 175,34,#
Karl Emmerich Franz von Breidbach-Bürresheim,,,12.02.1738,,,Resignation,Domdekan,Domkapitel Mainz,Mainz,66,Germany,Dom Mainz Germany,49.9990056297492,8.273938609815461,#,Rauch: Domkapitel Mainz: S. 176,34,#
Lothar Friedrich von Metternich-Burscheid,#,#,12.02.1673,#,1673,Resignation,Domherr,Domkapitel Mainz,Mainz,66,Germany,Dom Mainz Germany,49.9990056297492,8.273938609815461,wg. Amtsantritt als Erzbischof,Hersche: Einleitung: S. 129,34,#
Hugo Franz Karl von Eltz (-Kempenich),#,1736,,#,,Resignation,Domkantor,Domkapitel Minden,Minden,4,Germany,Dom Minden Germany,52.288856,8.9191982,#,Nottarp Mindener Domprobst:: S. 121,34,#
Johann Wilhelm Wolff-Metternich zur Gracht,#,#,1693,#,1693,Resignation,Domherr,Domkapitel Münster,Münster,2,Germany,Dom Münster Germany,51.9629806,7.6257716,#,Becker-Huberti: Die Tridentische Reform: S. 341,34,#
Dietrich Kaspar von Fürstenberg,#,#,1672,#,1672,Resignation,Domherr,Domkapitel Speyer,Speyer,6,Germany,Dom Speyer Germany,49.3172765,8.4412172,Einfache Resignation,Hersche: Einleitung: S. 128,34,#
Lothar Friedrich von Metternich-Burscheid,#,#,1652,#,1652,Resignation,Domherr,Domkapitel Speyer,Speyer,6,Germany,Dom Speyer Germany,49.3172765,8.4412172,wg. Wahl zum Bischof,Hersche: Einleitung: S. 166,34,#
Heinrich Wilhelm Harff von Dreyborn,#,#,1775,#,1758,Resignation,#,Domkapitel Trier,Trier,12,Germany,Dom Trier Germany,49.7562639,6.6434155,! Rauch gibt 1758 an: scheint aber nicht zu stimmen: s. Staatskalender,Dylong: Hildesheimer DK: S. 372 / Kurmainzer Hof- und Staatskalender 1775: S. 4,34,#
Karl Emmerich Franz von Breidbach-Bürresheim,#,#,1714,#,1714,Resignation,Domherr,Domkapitel Trier,Trier,12,Germany,Dom Trier Germany,49.7562639,6.6434155,#,Hersche: Einleitung: S. 184,34,#
Lothar Friedrich von Metternich-Burscheid,#,#,1654,#,1654,Resignation,Domkustos,Domkapitel Trier,Trier,12,Germany,Dom Trier Germany,49.7562639,6.6434155,#,Christ: Metternich-Burscheidt: S. 9,34,#
Damian Friedrich von der Leyen-Hohengeroldseck,#,#,1793,#,1793,Resignation,Domherr,Domkapitel Worms,Worms,6,Germany,Dom Worms Germany,49.6341372,8.3507182,#,Hersche: Einleitung: S. 249,34,#
Adolph Hund von Saulheim,#,#,1615,#,1615,Resignation,Domherr,Domkapitel Würzburg,Würzburg,15,Germany,Dom Würzburg Germany,49.7933488,9.9325575,#,Wendehorst: Bistümer der Kirchenprovinz Mainz: S. 225,34,#
Adolph Hund von Saulheim,#,#,1623,#,1623,Resignation,Domherr,Domkapitel Würzburg,Würzburg,15,Germany,Dom Würzburg Germany,49.7933488,9.9325575,#,Wendehorst: Bistümer der Kirchenprovinz Mainz: S.225,34,#
Damian Friedrich von der Leyen-Hohengeroldseck,#,#,19.02.1755,#,1755,Resignation,Domherr,Domkapitel Würzburg,Würzburg,15,Germany,Dom Würzburg Germany,49.7933488,9.9325575,Verzicht zugunsten seines Bruders Franz Erwein,Jürgensmeier: Bischofslexikon: S. 271 / Salver: Proben: S. 738.,34,#
Damian Friedrich von der Leyen-Hohengeroldseck,#,#,1784,#,1784,Resignation,Domherr,Domkapitel Würzburg,Würzburg,15,Germany,Dom Würzburg Germany,49.7933488,9.9325575,#,Hersche: Einleitung: S. 249,34,#
Johann Philipp Franz Graf von Schönborn,#,#,1719,#,1719,Resignation,Domprobst,Domkapitel Würzburg,Würzburg,15,Germany,Dom Würzburg Germany,49.7933488,9.9325575,#,Hersche: Domkapitel: S. 195,34,#
Hugo Franz Karl von Eltz (-Kempenich),#,#,1743,,#,Resignation,Generalvikar,Erzbistum Mainz,Mainz,14,Germany,Kurfürstliches Schloss Mainz Germany,50.0069542,8.2698184,#,https://kalliope-verbund.info/de/eac?eac.id=116461977 (zuletzt aufgerufen am 17.06.2022).,34,#
Johann Philipp Franz Graf von Schönborn,#,#,1703,#,1703,Resignation,Stiftsherr,Stift St. Alban,Mainz,7,Germany,Stift St. Alban Mainz Germany,49.99,8.28,#,"Germania Sacra online: ""Johann Philipp Franz Graf von Schönborn""",34,#
Adolph Hund von Saulheim,#,#,19.02.1639,#,1619,Resignation,Stiftsherr,Stift St. Burkhard,Würzburg,3,Germany,Stift St. Burkhard Würzburg Germany,49.790067076707544,9.924947011480644,#,Wendehorst: Bistümer der Kirchenprovinz Mainz: S. 225,34,#
Adolph Hund von Saulheim,#,#,19.08.1639,#,1639,Resignation,Dekan,Stift St. Burkhard,Würzburg,3,Germany,Stift St. Burkhard Würzburg Germany,49.790067076707544,9.924947011480644,#,Wendehorst: Bistümer der Kirchenprovinz Mainz: S. 225,34,#
Heinrich Ferdinand von der Leyen,#,#,1705,#,1705,Resignation und Ablehnung der Wahl zum Fürstbischof,Fürstbischof,#,Eichstätt,9,Germany,Dom Eichstätt Germany,48.8919581,11.1835667,#,Pauly: Bistümer: S. 313 / Hersche: Einleitung: S. 90 / Wikipedia: Heinrich Ferdinand,1,#
Dietrich Kaspar von Fürstenberg,#,#,1644,#,1644,Rückkehr nach Mainz,#,#,Mainz,12,Germany,Mainz Germany,49.9928617,8.2472526,#,Lahrkamp et al.: Geschichte: S. 97,1,#
Johann Philipp Franz Graf von Schönborn,#,#,1681,#,1681,Schulbesuch,Schüler,Jesuitenschule,Aschaffenburg,2,Germany,Aschaffenburg Germany,49.9806625,9.1355554,#,WürzburgWiki: von Schönborn,6,#
Johann Heppenheim genannt von Saal,#,#,1619,1626,1619,Schulbesuch,#,#,#,22,Germany,Germany,51.165691,10.451526,"Wird von Wikipedia als ""Studium"" bezeichnet. Aufgrund des Alters eher ""Schule""?",Wikipedia: Johann von Heppenheim genannt vom Saal,6,#
Marquard Schenk von Castell,#,#,1617,#,1617,Schulbesuch,#,Jesuitengymnasium Dillingen,Dillingen,1,Germany,Jesuitengymnasium Dillingen Dillingen Germany,48.5790918,10.4940239,Vollständige Angabe bei Specht: Marquardus Schenk a Castell fil[ius] Joannis Eberhardi adm[issus] ad con[victum] et 3. class[em] gramm[aticam]: allerdings keine Erwähnung in den Matrikeln 1616 oder 1618,Braun: Das Domkapitel Eichstätt: S. 440 / Specht: Die Matrikel der Universität Dillingen: S. 474,6,#
Heinrich Ferdinand von der Leyen,#,1653,#,#,1653,Schulbesuch,#,#,Köln,5,Germany,Köln Germany,50.937531,6.9602786,#,Wikipedia: Heinrich Ferdinand,6,#
Lothar Friedrich von Metternich-Burscheid,#,#,#,1635,1635,Schulbesuch,Schüler,Universität Pont-à-Mousson,Pont-à-Mousson,2,France,Pont-à-Mousson France,48.90329,6.054868,#,Christ: Metternich-Burscheidt: S. 9,6,#
Heinrich Ferdinand von der Leyen,#,1653,#,#,1653,Schulbesuch,Schüler,#,Trier,2,Germany,Trier Germany,49.749992,6.6371433,#,Wikipedia: Heinrich Ferdinand,6,#
Johann Philipp Franz Graf von Schönborn,#,#,1687,#,1687,Studium,Student,Academia Julia,Würzburg,1,Germany,Academia Julia Würzburg Germany,49.7913044,9.9533548,#,Romberg: Bistümer der Kirchenprovinz Mainz: S. 290,24,#
Johann Heppenheim genannt von Saal,#,#,1630,#,1630,Studium,Student,Albertina,Freiburg,1,Germany,Albertina Freiburg Germany,47.9990077,7.8421043,#,Wendehorst: Das Stift Neumünster in Würzburg: S. 321 (https://books.google.de/books?id=CnkB23QthD8C&pg=PA321#v=onepage&q&f=false),24,#
Johann Philipp Franz Graf von Schönborn,#,#,1690,#,1690,Studium,Student,Jesuitenkolleg,Aschaffenburg,2,Germany,Aschaffenburg Germany,49.9806625,9.1355554,#,"Wendehorst: ""Johann Philipp Franz"": S. 546",24,#
Johann Philipp Franz Graf von Schönborn,#,#,1690,03.01.1693,1690,Studium,Student,Collegium Germanicum,Rom,4,Italy,Collegium Germanicum Rom Italy,41.9050908,12.4917397,Studium von Theologie und Kirchenrecht,Bärmann: Universität Mainz: S.726 / Romberg: Bistümer der Kirchenprovinz Mainz: S. 290,24,#
Johann Wilhelm Wolff-Metternich zur Gracht,#,1650,1644,#,1650,Studium,Student,Collegium Germanicum,Rom,4,Italy,Collegium Germanicum Rom Italy,41.9050908,12.4917397,Allerdings keine genauere Angabe bei Becker-Huberti: Die Tridentische Reform S. 47 mit Anm. 27 und auch kein Verweis: woher diese Angabe stammt / Becker-Huberti: Die Tridentische Reform im Bistum Münster: S. 47 mit Anm. 27 / Schmidt: Collegium Germanicum,ohne Quellenangabe,24,#
Karl Emmerich Franz von Breidbach-Bürresheim,#,#,1694,1696,1694,Studium,Student,Collegium Germanicum,Rom,4,Italy,Collegium Germanicum Rom Italy,41.9050908,12.4917397,#,Verzeichnis der Mainzer Universitätsmatrikeln: S. 108 / Rauch: S. 153,24,#
Marquard Schenk von Castell,#,#,1625,1627,1625,Studium,Student,Collegium Germanicum,Rom,4,Italy,Collegium Germanicum Rom Italy,41.9050908,12.4917397,Allerdings keine Erwähnung bei Schmidt: Das Collegium Germanicum in Rom und die Germaniker. Möglicherweise: da von Schenk von Castell nicht seinen Abschluss im Collegium Germanicum machte und Schmidt eine Auflistung der Alumni und Konviktoristen anfertigte,Reiter: Marquard II.: S. 239-240,24,#
Marquard Schenk von Castell,#,#,1628,#,1628,Studium,Student,Collegium Willibaldinum,Eichstätt,1,Germany,Collegium Willibaldinum Eichstätt Germany,48.8904616,11.1856246,#,Reiter: Marquard II.: S. 239-240,24,#
Christoph Rudolf von Stadion,#,1664,#,#,1664,Studium,Student,#,#,22,Germany,Germany,51.165691,10.451526,#,Wikipedia: Christoph,24,#
Dietrich Kaspar von Fürstenberg,#,#,1631,#,1631,Studium,Student,Universität Köln,Köln,5,Germany,Köln Germany,50.937531,6.9602786,#,Lahrkamp et al.: Geschichte: S. 96,24,#
Lothar Friedrich von Metternich-Burscheid,#,#,1641,#,1641,Studium,Student,Universität Pont-à-Mousson,Pont-à-Mousson,2,France,Pont-à-Mousson France,48.90329,6.054868,#,Christ: Metternich-Burscheidt: S. 9,24,#
Marquard Schenk von Castell,1624,#,#,#,1624,Studium,Student,Pontificia Universitas Gregoriana,Rom,1,Italy,Pontificia Universitas Gregoriana Rom Italy,41.8989366,12.4844886,kein genaues Datum bekannt: sondern nur: dass er bald nach Studienbeginn in Ingolstadt an die römische Gregoriana wechselte,Reiter: Marquard II.: S. 239-240,24,#
Marquard Schenk von Castell,#,#,27.07.1627,#,1627,Studium,Student,Universität Siena,Siena,1,Italy,Universitas Siena Italy,43.3191155,11.3328421,#,Braun: Das Domkapitel Eichstätt: S. 440,24,#
Damian Friedrich von der Leyen-Hohengeroldseck,#,#,#,#,#,Studium,Student,Universität Bamberg,Bamberg,1,Germany,Universität Bambrg Germany,49.8938345,10.886138,#,Landeshauptarchiv Koblenz: Bestand 48: Nr. 117: 120,24,#
Damian Friedrich von der Leyen-Hohengeroldseck,#,#,#,#,#,Studium,Student,Universität Freiburg,Freiburg,1,Germany,Universität Freiburg Germany,47.9935441,7.8459496,#,Landeshauptarchiv Koblenz: Bestand 48: Nr. 117: 118,24,#
Damian Friedrich von der Leyen-Hohengeroldseck,#,#,#,#,#,Studium,Student,Universität Heidelberg,Heidelberg,2,Gernany,Universität Heidelberg Germany,49.3987524,8.6724335,#,Landeshauptarchiv Koblenz: Bestand 48: Nr. 117: 119,24,#
Marquard Schenk von Castell,#,#,01.10.1624,#,1624,Studium,Student,Universität Ingolstadt,Ingolstadt,1,Germany,Universität Ingolstadt Ingolstadt Germany,48.7655243,11.4162551,#,Reiter: Marquard II.: S. 239-240,24,#
Hugo Wolfgang von Kesselstatt,#,#,1676,#,1676,Studium,Student,Universität Köln,Köln,1,Germany,Universität Köln Germany,50.937531,6.9602786,#,Keussen: Matrikel Köln: Bd. 5: S. 4. sowie Bd. 6: S. 212.,24,#
Lothar Friedrich von Metternich-Burscheid,#,#,1636,#,1636,Studium,Student,Universität Löwen,Löwen,1,Belgium,Universität Löwen Belgium,50.8779545,4.7002953,#,Christ: Metternich-Burscheidt: S. 9,24,#
Johann Philipp Franz Graf von Schönborn,#,#,1688,#,1688,Studium,Student,Universität Mainz,Mainz,1,Germany,Universität Mainz Germany,49.9925214,8.2599667,#,Romberg Bistümer der Kirchenprovinz Mainz: S. 290,24,#
Johann Heppenheim genannt von Saal,#,#,1634,#,1634,Studium,Student,Universität Perugia,Perugia,1,Italy,Universität Perugia Italy,43.1164268,12.3868984,#,Wendehorst: Das Stift Neumünster in Würzburg: S. 321,24,#
Heinrich Wilhelm Harff von Dreyborn,#,25.05.1735,#,#,1735,Studium,Student,Universität Reims,Reims,1,France,Universität Reims France,49.258329,4.031696,Dauer: 1 J u. 6 Wochen / noch genaue Quelle: außer:,Dylong: Domkapitel Hildesheim: S. 372,24,#
Lothar Friedrich von Metternich-Burscheid,#,#,1635,1636,1635,Studium,Student,Universität Trier,Trier,1,Germany,Universität Trier Germany,49.749992,6.6371433,#,Christ: Metternich-Burscheidt: S. 9,24,#
Johann Philipp Franz Graf von Schönborn,#,#,1694,#,1694,Studium,Student,Universität Wien,Wien,1,Austria,Universität Wien Austria,48.2081743,16.3738189,#,Romberg: Bistümer der Kirchenprovinz Mainz: S. 290,24,#
Heinrich Wilhelm Harff von Dreyborn,#,#,24.09.1715,#,1715,Taufe,#,#,#,22,Germany,Germany,51.165691,10.451526,Kein Ort gefunden,Dylong: Domkapitel Hildesheim: S. 372,1,#
Christoph Rudolf von Stadion,#,#,17.01.1700,#,1700,Tod,#,,Mainz,66,Germany,Dom Mainz Germany,49.9990056297492,8.273938609815461,#,Rauch: Domkapitel Mainz: S. 175 / Wikipedia: Christoph,14,#
Heinrich Ferdinand von der Leyen,#,#,08.03.1714,#,1714,Tod,#,,Mainz,66,Germany,Dom Mainz Germany,49.9990056297492,8.273938609815461,#,Rauch: Mainzer: S. 176 / Wikipedia: Heinrich Ferdinand,14,#
Heinrich Wilhelm Harff von Dreyborn,#,#,24.08.1781,#,1781,Tod,#,#,#,22,Germany,Germany,51.165691,10.451526,Kein Ort gefunden,Rauch: Domkapitel Mainz S. 177.,14,#
Johann Wilhelm Wolff-Metternich zur Gracht,#,#,15.12.1694,#,1694,Tod,#,#,#,22,Germany,Germany,51.165691,10.451526,#,Rauch: Domkapitel Mainz: S. 154: Wikipedia: Johann Wilhelm Wolff von Metternich zur Gracht,14,#
Karl Emmerich Franz von Breidbach-Bürresheim,#,#,20.02.1743,#,1743,Tod,#,#,#,22,Germany,Germany,51.165691,10.451526,Kein Ort gefunden,Weidenbach: Breidbach- Bürresheim: S. 103,14,#
Hugo Franz Karl von Eltz (-Kempenich),#,#,27.06.1779,#,1779,Tod,#,#,Mainz,14,Germany,Kurfürstliches Schloss Mainz Germany,50.0069542,8.2698184,Alternativ wird der 26.03.1778 als Todesdatum angegeben: aufgrund der Nachwahl seines Nachfolgers Heinrich Wilhelm Harff von Dreyborn als Domprobst in Mainz am 26.07.1779: wird jedoch das Todesjahr 1779 (vgl. Rauch: Domkapitel Mainz: S. 177) als wahrscheinlicher angenommen (Veit: Dom Mainzherren: S. 14 / sowie von Hersche: Domkapitel Mainz: S. 130).,Rauch: Dom Mainzkaoitel: S. 176 / https://www.dilibri.de/dilibri/name/view/2597111  / Nottarp: Mindener Domprobst: S. / Schrader: S. 109,14,#
Johann Philipp Franz Graf von Schönborn,#,#,18.08.1724,#,1724,Tod,#,#,Löffelstelzen bei Bad Mergentheim,1,Germany,Löffelstelzen bei Bad Mergentheim Germany,49.5068236,9.7895318,#,"Wendehorst: ""Johann Philipp Franz"": S. 546",14,#
Adolph Hund von Saulheim,,,29.04.1668,,1668,Tod,,,Mainz,12,Germany,Mainz Germany,49.9928617,8.2472526,#,Wendehorst: Bistümer der Kirchenprovinz Mainz: S. 225,14,#
Dietrich Kaspar von Fürstenberg,#,#,21.09.1675,#,1675,Tod,#,#,Mainz,12,Germany,Mainz Germany,49.9928617,8.2472526,#,Hersche: Einleitung: S. 128 / Rauch: Domkapitel Mainz: S. 174 / Lahrkamp et al.: Geschichte: S. 106,14,#
Hugo Wolfgang von Kesselstatt,#,#,02.01.1738,#,1738,Tod,#,,Mainz,12,Germany,Mainz Germany,49.9928617,8.2472526,#,Rauch: Dom Mainzkapteil: S. 176 /,14,#
Johann Heppenheim genannt von Saal,#,#,03.02.1672,#,1672,Tod,#,#,Mainz,12,Germany,Mainz Germany,49.9928617,8.2472526,#,Wendehorst: Das Stift Neumünster in Würzburg: S. 321,14,#
Lothar Friedrich von Metternich-Burscheid,#,#,03.06.1675,#,1675,Tod,#,#,Mainz,12,Germany,Mainz Germany,49.9928617,8.2472526,#,Rauch: Domkapitel Mainz: S. 174: Christ: Metternich-Burscheidt: S. 26,14,#
Marquard Schenk von Castell,#,#,18.01.1685,#,1685,Tod,#,#,Regensburg,2,Germany,Regensburg Germany,49.0134297,12.1016236,#,Reiter: Marquard II.: S. 239-240,14,#
Damian Friedrich von der Leyen-Hohengeroldseck,#,#,08.09.1817,#,1817,Tod,Tod,#,Würzburg,3,Germany,Würzburg Germany,49.7913044,9.9533548,#,Rauch: Dom Mainzkaitel: S. 177,14,#
Adolph Hund von Saulheim,#,#,04.04.1609,#,1609,Tonsur,Tonsur,#,#,22,Germany,Germany,51.165691,10.451526,#,Wendehorst: Bistümer der Kirchenprovinz Mainz: S. 225,1,#
Marquard Schenk von Castell,#,#,1675,#,1675,Vergebliche Bewerbung um das Erzbistum,#,Domkapitel Mainz,Mainz,66,Germany,Dom Mainz Germany,49.9990056297492,8.273938609815461,erwähnenswert?,Reiter: Marquard II.: S. 239-240,2,#
Marquard Schenk von Castell,#,#,1678,#,1678,Vergebliche Bewerbung um das Erzbistum,#,Domkapitel Mainz,Mainz,66,Germany,Dom Mainz Germany,49.9990056297492,8.273938609815461,erwähnenswert?,Reiter: Marquard II.: S. 239-240,2,#
Dietrich Kaspar von Fürstenberg,#,#,1647,#,1647,Versuch spanische Truppen nach Mainz zu schmuggeln,#,#,Mainz,12,Germany,Mainz Germany,49.9928617,8.2472526,#,Lahrkamp et al.: Geschichte: S. 98,1,#
Johann Heppenheim genannt von Saal,#,#,1666,#,1666,Vertretung des Kurfürsten während eines Pestausbruches,#,Erzstift Mainz,Mainz,14,Germany,Kurfürstliches Schloss Mainz Germany,50.0069542,8.2698184,#,Luschberger: Das Domkapitel Mainz (http://www.historische-eschborn.de/berichte/Main-Taunus-Kreis/Mainzer_Domkapitel/body_mainzer_domkapitel.html),1,#
Marquard Schenk von Castell,#,#,15.01.1636,#,1636,Wahl,Domdekan,Domkapitel Eichstätt,Eichstätt,9,Germany,Dom Eichstätt Germany,48.8919581,11.1835667,#,Reiter: Marquard II.: S. 239-240,50,#
Marquard Schenk von Castell,#,#,21.10.1636,#,1636,Wahl,Koadjutor,Bistum Eichstätt,Eichstätt,9,Germany,Dom Eichstätt Germany,48.8919581,11.1835667,#,Rauch: Domkapitel Mainz: S. 175 / Reiter: Marquard II.: S. 239-240,50,#
Adolph Hund von Saulheim,#,#,22.06.1638,#,1638,Wahl,Domdekan,Domkapitel Mainz,Mainz,66,Germany,Dom Mainz Germany,49.9990056297492,8.273938609815461,#,Wendehorst: Bistümer der Kirchenprovinz Mainz: S.225,50,#
Adolph Hund von Saulheim,#,#,10.12.1652,#,1652,Wahl,Domprobst,Domkapitel Mainz,Mainz,66,Germany,Dom Mainz Germany,49.9990056297492,8.273938609815461,#,Wendehorst: Bistümer der Kirchenprovinz Mainz: S.225,50,#
Christoph Rudolf von Stadion,#,#,08.03.1685,#,1685,Wahl,Domdekan,Domkapitel Mainz,Mainz,66,Germany,Dom Mainz Germany,49.9990056297492,8.273938609815461,#,Rauch: Domkapitel Mainz: S. 168,50,#
Christoph Rudolf von Stadion,#,#,10.01.1695,#,1695,Wahl,Domprobst,Domkapitel Mainz,Mainz,66,Germany,Dom Mainz Germany,49.9990056297492,8.273938609815461,Bei Rauch: Pröpste: Propstei und Stift von Sankt Bartholomäus in Frankfurt: S. 186 steht 1696 / sonst überall 1695,Rauch: Domkapitel Mainz: S. 175 / Wurzbach: Stadion: S. 26,50,#
Damian Friedrich von der Leyen-Hohengeroldseck,#,#,24.09.1781,#,1781,Wahl,Domprobst,Domkapitel Mainz,Mainz,66,Germany,Dom Mainz Germany,49.9990056297492,8.273938609815461,#,Rauch: Domkapitel Mainz: S. 177,50,#
Damian Friedrich von der Leyen-Hohengeroldseck,#,#,1781,#,1781,Wahl,Domprobst,Domkapitel Mainz,Mainz,66,Germany,Dom Mainz Germany,49.9990056297492,8.273938609815461,#,Hersche: Einleitung: S. 131 / Jürgensmeier: Bischofslexikon: S. 271,50,#
Dietrich Kaspar von Fürstenberg,#,#,05.04.1673,#,1673,Wahl,Domprobst,Domkapitel Mainz,Mainz,66,Germany,Dom Mainz Germany,49.9990056297492,8.273938609815461,#,Hersche: Einleitung: S. 128 / Rauch: Domkapitel Mainz: S. 174 / Lahrkamp et al.: Geschichte: S. 103,50,#
Heinrich Ferdinand von der Leyen,#,#,16.02.1700,#,1700,Wahl,Domprobst,Domkapitel Mainz,Mainz,66,Germany,Dom Mainz Germany,49.9990056297492,8.273938609815461,#,Rauch: Mainzer: S. 176,50,#
Heinrich Wilhelm Harff von Dreyborn,#,#,26.07.1779,#,1779,Wahl,Domprobst,Domkapitel Mainz,Mainz,66,Germany,Dom Mainz Germany,49.9990056297492,8.273938609815461,#,Rauch: Domkapitel Mainz: S. 177,50,#
Hugo Franz Karl von Eltz (-Kempenich),#,#,13.03.1738,#,1738,Wahl,Domkantor,Domkapitel Mainz,Mainz,66,Germany,Dom Mainz Germany,49.9990056297492,8.273938609815461,#,Nottarp: Mindener Domprobst: S. 120,50,#
Hugo Franz Karl von Eltz (-Kempenich),#,#,26.03.1743,,1743,Wahl,Domprobst,Domkapitel Mainz,Mainz,66,Germany,Dom Mainz Germany,49.9990056297492,8.273938609815461,#,Rauch: Domkapitel Mainz S. 176,50,#
Hugo Wolfgang von Kesselstatt,#,#,22.04.1699,#,1699,Wahl,Domkantor,Domkapitel Mainz,Mainz,66,Germany,Dom Mainz Germany,49.9990056297492,8.273938609815461,#,Rauch: Domkapitel Mainz: S.176,50,#
Hugo Wolfgang von Kesselstatt,#,#,18.12.1709,#,1709,Wahl,Domdekan,Domkapitel Mainz,Mainz,66,Germany,Dom Mainz Germany,49.9990056297492,8.273938609815461,#,Rauch: Domkapitel Mainz: S. 176: https://www.archivportal-d.de/item/YD4OU42NHIDVH4FCNTLSYHTP5B4TOXBB / Schrohe. Stadt Mainz. S. 65,50,#
Hugo Wolfgang von Kesselstatt,#,#,18.09.1724,#,1724,Wahl,Domprobst,Domkapitel Mainz,Mainz,66,Germany,Dom Mainz Germany,49.9990056297492,8.273938609815461,#,Rauch: Domkapitel Mainz: S. 176,50,#
Johann Heppenheim genannt von Saal,#,#,06.02.1653,#,1653,Wahl,Domdekan,Domkapitel Mainz,Mainz,66,Germany,Dom Mainz Germany,49.9990056297492,8.273938609815461,#,Wendehorst: Das Stift Neumünster in Würzburg: S. 321,50,#
Johann Heppenheim genannt von Saal,#,#,17.07.1668,#,1668,Wahl,Domprobst,Domkapitel Mainz,Mainz,66,Germany,Dom Mainz Germany,49.9990056297492,8.273938609815461,#,Rauch: Domkapitel Mainz: S. 174,50,#
Johann Philipp Franz Graf von Schönborn,#,#,04.04.1714,#,1714,Wahl,Domprobst,Domkapitel Mainz,Mainz,66,Germany,Dom Mainz Germany,49.9990056297492,8.273938609815461,#,"Germania Sacra online: ""Johann Philipp Franz Graf von Schönborn""",50,#
Johann Wilhelm Wolff-Metternich zur Gracht,#,#,12.11.1674,#,1674,Wahl,Domscholaster,Domkapitel Mainz,Mainz,66,Germany,Dom Mainz Germany,49.9990056297492,8.273938609815461,Laut Wikipedia: Johann Wilhelm Wolff von Metternich zur Gracht: wird er 1675 Domscholaster: so auch laut Becker-Huberti: Die Tridentische Reform: S. 341. Allerdings genaues Datum bei Rauch (siehe Spalte source): sodass dieses Datum ausgewählt wurde,Rauch: Domkapitel Mainz: S. 154 / Wikipedia: Johann Wilhelm Wolff von Metternich zur Gracht,50,#
Johann Wilhelm Wolff-Metternich zur Gracht,#,#,4.11.1679,#,1679,Wahl,Domdekan,Domkapitel Mainz,Mainz,66,Germany,Dom Mainz Germany,49.9990056297492,8.273938609815461,#,Rauch: Domkapitel Mainz: S. 167,50,#
Johann Wilhelm Wolff-Metternich zur Gracht,#,#,20.2.1685,#,1685,Wahl,Domprobst,Domkapitel Mainz,Mainz,66,Germany,Dom Mainz Germany,49.9990056297492,8.273938609815461,Becker-Huberti: Die Tridentische Reform: S. 341: hat für dieses Amt das Jahr 1687,Rauch: Domkapitel Mainz: S. 175,50,#
Karl Emmerich Franz von Breidbach-Bürresheim,#,#,9.10.1724,#,1724,Wahl,Domdekan,Domkapitel Mainz,Mainz,66,Germany,Dom Mainz Germany,49.9990056297492,8.273938609815461,#,Verzeichnis der Mainzer Universitätsmatrikeln: S. 108,50,#
Karl Emmerich Franz von Breidbach-Bürresheim,#,#,12.02.1738,#,1738,Wahl,Domprobst,Domkapitel Mainz,Mainz,66,Germany,Dom Mainz Germany,49.9990056297492,8.273938609815461,Datum der Wahl in Universitätsmatrikeln 17.02.1739,Rauch: S. 176 / Verzeichnis der Mainzer Universitätsmatrikeln: S. 108 / Datum der Wahl = 17.02.1738,50,#
Lothar Friedrich von Metternich-Burscheid,#,#,21.03.1672,#,1672,Wahl,Domprobst,Domkapitel Mainz,Mainz,66,Germany,Dom Mainz Germany,49.9990056297492,8.273938609815461,#,Hersche: Einleitung: S. 129: Rauch: Domkapitel Mainz: S. 174: Christ: Metternich-Burscheidt: S. 9,50,#
Marquard Schenk von Castell,#,#,06.11.1675,#,1675,Wahl,Domprobst,Domkapitel Mainz,Mainz,66,Germany,Dom Mainz Germany,49.9990056297492,8.273938609815461,#,Rauch: Domkapitel Mainz: S. 175,50,#
Hugo Franz Karl von Eltz (-Kempenich),#,#,#,#,#,Wahl,Domkantor,Domkapitel Minden,Minden,4,Germany,Dom Minden Germany,52.288856,8.9191982,Angabe bei Klassert kann nicht stimmen: da Eltz erst 1736 wegen der Ernennung zum Domprobst Mitglied des Domkapitels wurde. Domkantor als niedere Dignität müsste er ja vorher gewesen sein,Klassert: Kollegialstift St. Peter: S. 54,50,#
Lothar Friedrich von Metternich-Burscheid,#,#,11.04.1652,#,1652,Wahl,Bischof,Bistum Speyer,Speyer,6,Germany,Dom Speyer Germany,49.3172765,8.4412172,#,Christ: Metternich-Burscheidt: S. 9,50,#
Lothar Friedrich von Metternich-Burscheid,#,#,1645,#,1645,Wahl,Domkustos,Domkapitel Trier,Trier,12,Germany,Dom Trier Germany,49.7562639,6.6434155,#,Christ: Metternich-Burscheidt: S. 9,50,#
Lothar Friedrich von Metternich-Burscheid,#,#,1653,#,1653,Wahl,Capellanus,Domkapitel Trier,Trier,12,Germany,Dom Trier Germany,49.7562639,6.6434155,#,Christ: Metternich-Burscheidt: S. 9,50,#
Lothar Friedrich von Metternich-Burscheid,#,#,1660,#,1660,Wahl,Oberchorbischof,Domkapitel Trier,Trier,12,Germany,Dom Trier Germany,49.7562639,6.6434155,#,Christ: Metternich-Burscheidt: S. 9,50,#
Johann Heppenheim genannt von Saal,#,#,1654,#,1654,Wahl,Domprobst,Domkapitel Worms,Worms,6,Germany,Dom Worms Germany,49.6341372,8.3507182,#,Wikipedia: Johann von Heppenheim genannt vom Saal,50,#
Lothar Friedrich von Metternich-Burscheid,#,#,1672,#,1672,Wahl,Koadjutor,Bistum Worms,Worms,6,Germany,Dom Worms Germany,49.6341372,8.3507182,Die Wormser Postulation wurde nie rechtskräftig: da nicht vom Papst bestätigt,Christ: Metternich-Burscheidt: S. 18,50,#
Lothar Friedrich von Metternich-Burscheid,,20.02.1673,,,,Wahl,Bischof,Bistum Worms,Worms,6,Germany,Dom Worms Germany,49.6341372,8.3507182,genaues Datum der Wahl nicht überliefert,Christ: Metternich-Burscheidt: S. 20f.,50,#
Johann Philipp Franz Graf von Schönborn,#,#,10.6.1704,#,1704,Wahl,Domprobst,Domkapitel Würzburg,Würzburg,15,Germany,Dom Würzburg Germany,49.7933488,9.9325575,#,Romberg: Bistümer der Kirchenprovinz Mainz: S. 292,50,#
Johann Philipp Franz Graf von Schönborn,#,#,18.9.1719,#,1719,Wahl,Bischof,Bistum Würzburg,Würzburg,15,Germany,Dom Würzburg Germany,49.7933488,9.9325575,#,Bärmann: Universität Mainz: S. 726,50,#
Heinrich Ferdinand von der Leyen,#,#,14.01.1705,#,1705,Wahl,Fürstbischof,Bistum Eichstätt,Eichstätt,1,Germany,Eichstätter Hochstift Eichstätt Germany,48.8910779,11.185239,#,Braun: Domkapitel: S. 351,50,#
Lothar Friedrich von Metternich-Burscheid,,,15.12.1670,,,Wahl,Koadjutor,Erzbistum Mainz,Mainz,14,Germany,Kurfürstliches Schloss Mainz Germany,50.0069542,8.2698184,#,ohne Quellenangabe,50,#
Adolph Hund von Saulheim,#,#,30.12.1634,#,1634,Wahl,Domscholaster,Domkapitel Mainz,Köln,12,Germany,Mainz Germany,49.9928617,8.2472526,Wahl in Köln: weil Domkapitel wegen schwedischer Besetzung von Mainz im Exil,Wendehorst: Bistümer der Kirchenprovinz Mainz: S. 225,50,#
Heinrich Wilhelm Harff von Dreyborn,#,1770,#,#,1770,Wahl,Probst,Stift St. Martin. Donat und Nazarius,Mockstadt,1,Germany,Mockstadt,50.3462735,8.9626376,"Propstei Maxstatt? s. Archiv vs. Staatskalender – ""Maxstatt"" wird zw. 1744 u. 1745 übernommen: als Propst von Mockstadt im Staatskalender ab 1770 belegt",LA NRW: Harff Dreiborn: Akten AA 0580: Nr. 88 /Kurmainzer Hof-und Staatskalender 1746,50,#
Marquard Schenk von Castell,#,#,25.01.1636,#,1636,Wahl,Probst,Neues Stift Unsere Liebe Frau,Eichstätt,1,Germany,Neues Stift Unsere Liebe Frau Eichstätt Germany,48.8910779,11.185239,Neuer Stift ULF = Unsere Liebe Frau? / kann er Stiftsprobst bleiben: als er Bischof wird?,Braun: Das Domkapitel Eichstätt: S. 441,50,#
Johann Heppenheim genannt von Saal,#,#,13.05.1653,#,1653,Wahl,Stiftsprobst,Stift Neumünster,Würzburg,1,Germany,Neumünster Stiftskapitel Würzburg Germany,49.7939163,9.931242,#,Wendehorst: Das Stift Neumünster in Würzburg: S. 321,50,#
Christoph Rudolf von Stadion,#,#,,#,1675,Wahl,Probst,Stift St. Alban,Mainz,7,Germany,Stift St. Alban Mainz Germany,49.99,8.28,Angabe bei Wurzbach falsch: richitg Joannis: S.791,Wurzbach: Stadion: S. 26,50,#
Johann Philipp Franz Graf von Schönborn,#,#,1699,#,1699,Wahl,Probst,Stift St. Bartholomäus,Frankfurt,1,Germany,Stift St. Bartholomäus Frankfurt Germany,50.1106631,8.6854204,#,"Wendehorst: ""Johann Philipp Franz"": S. 546",50,#
Christoph Rudolf von Stadion,#,#,02.08.1674,#,1674,Wahl,Probst,Stift St. Bartholomäus,Frankfurt,1,Germany,Stift St. Bartholomäus zu Frankfurt Frankfurt Germany,50.0945254,8.4934583,Angabe bei Wurzbach falsch: richitg Joannis: S.791,Rauch: Domkapitel Mainz: S. 175 / Wurzbach: Stadion: S. 26: Rauch: Sankt Bartholomäus: S. 329,50,#
Adolph Hund von Saulheim,#,#,16.01.1624,#,1624,Wahl,Dekan,Stift St. Burkhard,Würzburg,3,Germany,Stift St. Burkhard Würzburg Germany,49.790067076707544,9.924947011480644,#,Wendehorst: Bistümer der Kirchenprovinz Mainz: S. 225,50,#
Adolph Hund von Saulheim,#,#,#,#,#,Wahl,Probst,Stift St. German,Speyer,1,Germany,Stift St. German Speyer Germany,49.3172765,8.4412172,#,Wendehorst: Bistümer der Kirchenprovinz Mainz: S. 225,50,#
Hugo Franz Karl von Eltz (-Kempenich),#,#,#,#,#,Wahl,Stiftsprobst,Stift St. Martini. Donati und Nazarii,Mockstadt,1,Germany,Stift St. Martini Mockstadt Germany,50.3462735,8.9626376,#,Kurmainzer Hof- und Staatskalender 1740,50,#
Heinrich Wilhelm Harff von Dreyborn,#,1778,#,#,1778,Wahl,Stiftsprobst,Stift St. Mauriz,Mainz,1,Germany,Stift St. Mauriz Mainz Germany,51.9661366,7.6546359,#,Kurmainzer Hof- und Staatskalender 1777: S. 5,50,#
Karl Emmerich Franz von Breidbach-Bürresheim,#,#,18.06.1712,#,1712,Wahl,Dekan,Stift St.Viktor,Mainz,2,Germany,Stift St. Viktor Mainz Germany,49.981969943629636,8.29649529311655,#,Weidenbach: Breidbach-Bürresheim: S. 103 / Klassert: Kollegialstift St. Peter: S. 90.,50,#
Marquard Schenk von Castell,#,#,23.12.1628,#,1628,Weihe,Diakon,Bistum Eichstätt,Eichstätt,3,Germany,Bistum Eichstätt Eichstätt Germany,48.8910779,11.185239,#,Braun: Das Domkapitel Eichstätt: S. 440,14,#
Marquard Schenk von Castell,#,#,02.06.1635,#,1635,Weihe,Priester,Bistum Eichstätt,Eichstätt,3,Germany,Bistum Eichstätt Eichstätt Germany,48.8910779,11.185239,#,Reiter: Marquard II.: S. 239-240,14,#
Lothar Friedrich von Metternich-Burscheid,#,#,24.06.1656,#,1656,Weihe,Bischof,#,Bruchsal,1,Germany,Bruchsal Germany,49.1249712,8.5844108,#,Christ: Metternich-Burscheidt: S. 9,14,#
Marquard Schenk von Castell,#,#,10.01.1638,#,1638,Weihe,Bischof,Domkapitel Eichstätt,Eichstätt,9,Germany,Dom Eichstätt Germany,48.8919581,11.1835667,#,Reiter: Marquard II.: S. 239-240,14,#
Johann Philipp Franz Graf von Schönborn,#,#,10.11.1720,#,1720,Weihe,Bischof,Dom,Würzburg,15,Germany,Dom Würzburg Germany,49.7933488,9.9325575,#,Greipl: Schönborn: S. 442,14,#
Adolph Hund von Saulheim,#,#,04.04.1609,#,1609,Weihe,niedere Weihen,#,#,22,Germany,Germany,51.165691,10.451526,#,Wendehorst: Bistümer der Kirchenprovinz Mainz: S. 225,14,#
Christoph Rudolf von Stadion,#,1664,#,#,1664,Weihe,Niedere Weihen,#,#,22,Germany,Germany,51.165691,10.451526,#,Wikipedia: Christoph,14,#
Christoph Rudolf von Stadion,#,1669,#,#,1669,Weihe,Priester,#,#,22,Germany,Germany,51.165691,10.451526,#,Wikipedia: Christoph,14,#
Hugo Franz Karl von Eltz (-Kempenich),#,#,#,#,#,Weihe,Priester,#,#,22,Germany,Germany,51.165691,10.451526,#,Nottarp: Mindener Domprobst: S. 121,14,#
Lothar Friedrich von Metternich-Burscheid,#,#,03.09.1640,#,1640,Weihe,Subdiakon,#,#,22,Germany,Germany,51.165691,10.451526,Kein Ort gefunden,Christ: Metternich-Burscheidt: S. 9,14,#
Lothar Friedrich von Metternich-Burscheid,#,#,08.09.1640,#,1640,Weihe,Diakon,#,#,22,Germany,Germany,51.165691,10.451526,Kein Ort gefunden,Christ: Metternich-Burscheidt: S. 9,14,#
Lothar Friedrich von Metternich-Burscheid,#,#,17.12.1652,#,1652,Weihe,Priester,#,#,22,Germany,Germany,51.165691,10.451526,Kein Ort gefunden,Christ: Metternich-Burscheidt: S. 9 / Jürtensmeier: Metternich-Burscheid: in Gatz: Bischöfe: S. 309,14,#
Johann Philipp Franz Graf von Schönborn,#,#,22.7.1720,#,1720,Weihe,Diakon,Schlosskirche Marienberg,Würzburg,3,Germany,Schlosskirche Marienberg Würzburg Germany,49.7897393,9.9201319,#,Greipl: Schönborn: S. 442,14,#
Johann Philipp Franz Graf von Schönborn,#,#,25.7.1720,#,1720,Weihe,Priester,Schlosskirche Marienberg,Würzburg,3,Germany,Schlosskirche Marienberg Würzburg Germany,49.7897393,9.9201319,#,Greipl: Schönborn: S. 442,14,#
